{
  "Comment": "BioSynapse Cloud agent lifecycle",
  "StartAt": "ReceiveEvent",
  "States": {
    "ReceiveEvent": {
      "Type": "Task",
      "Resource": "lambda:receive_event",
      "Next": "DecomposeGoals"
    },
    "DecomposeGoals": {
      "Type": "Task",
      "Resource": "lambda:bedrock_planner",
      "Next": "DispatchAgents"
    },
    "DispatchAgents": {
      "Type": "Task",
      "Resource": "lambda:agentcore_dispatch",
      "Next": "TransformOutputs"
    },
    "TransformOutputs": {
      "Type": "Task",
      "Resource": "lambda:transform_pipeline",
      "Next": "SageMakerPopulation"
    },
    "SageMakerPopulation": {
      "Type": "Task",
      "Resource": "lambda:sagemaker_population_trainer",
      "Next": "SelectWinner"
    },
    "SelectWinner": {
      "Type": "Task",
      "Resource": "lambda:select_winner",
      "Next": "DeployWinner"
    },
    "DeployWinner": {
      "Type": "Task",
      "Resource": "lambda:nova_act_deploy",
      "End": true
    }
  }
}